t_s,T_numeric_K,T_analytical_K
0.0,293.15,293.15
11.492748538011696,293.3728814046397,293.3728814034982
22.985497076023393,293.59243628393165,293.59243628110187
34.47824561403509,293.8087142828054,293.8087142815226
45.970994152046785,294.02176431234454,294.0217643124604
57.46374269005848,294.23163456901307,294.231634551663
68.95649122807018,294.43837251011433,294.43837245782106
80.44923976608187,294.6420248507079,294.6420247812996
91.94198830409357,294.8426376349642,294.84263757471007
103.43473684210527,295.0402562373665,295.0402562033245
114.92748538011696,295.234925362711,295.23492535533376
126.42023391812866,295.42668904610684,295.4266890519535
137.91298245614036,295.6155906629919,295.6155906573784
149.40573099415207,295.8016729271178,295.80167288858854
160.89847953216375,295.98497788308487,295.9849778250091
172.39122807017543,296.16554697131494,296.16554691802577
183.88397660818714,296.3434210310152,296.34342100035855
195.37672514619885,296.51864030017845,296.5186402952951
206.86947368421053,296.69124441558284,296.6912444257869
218.36222222222221,296.8612724182218,296.86127242340905
229.85497076023393,297.0287627635799,297.0287627371867
241.34771929824564,297.1937532929322,297.1937532422898
252.84046783625732,297.3562813007255,297.3562812485977
264.333216374269,297.51638354270256,297.5163835091364
275.8259649122807,297.6740962359016,297.6740962283895
287.3187134502924,297.8294550586568,297.82945507048515
298.81146198830413,297.9824951510953,297.98249516726133
310.3042105263158,298.1332511350993,298.1332511262097
321.7969590643275,298.2817570769632,298.2817570383021
333.2897076023392,298.42804653563127,298.4280464856993
344.78245614035086,298.57215258854654,298.5721525493452
356.27520467836257,298.71410783165095,298.7141078164475
367.7679532163743,298.8539443793851,298.8539443878467
379.260701754386,298.99169386468856,298.9916938852753
390.7534502923977,299.12738744648397,299.12738745850857
402.24619883040936,299.26105581153956,299.26105579240823
413.73894736842107,299.39272915592284,299.3927291138618
425.2316959064328,299.5224372425268,299.52243719861735
436.72444444444443,299.6502094049723,299.65020937801745
448.21719298245614,299.7760745476084,299.7760745456314
459.70994152046785,299.90006114551187,299.9000611637894
471.20269005847956,300.02219724448764,300.0221972700186
482.6954385964913,300.142510475531,300.14251048338343
494.1881871345029,300.26102803365563,300.2610280107313
505.68093567251464,300.3777766935977,300.37777665284466
517.1736842105263,300.49278284830194,300.492782810502
528.666432748538,300.6060725090246,300.6060724904475
540.1591812865497,300.7176713053335,300.71767131127234
551.6519298245614,300.8276044851077,300.8276045092079
563.1446783625731,300.935896914622,300.93589694383223
574.6374269005848,301.0425730953509,301.04257310369206
586.1301754385966,301.14765713331354,301.14765711184003
597.6229239766083,301.2511727689731,301.25117273129024
609.1156725146199,301.3531434043566,301.35314337039125
620.6084210526316,301.45359210305486,301.45359208812005
632.1011695906433,301.55254159022263,301.55254159929615
643.593918128655,301.65001425257833,301.6500142797183
655.0866666666667,301.74603213840476,301.7460321712242
666.5794152046784,301.8406169724456,301.84061698667523
678.0721637426901,301.9337901303036,301.93379011486616
689.5649122807017,302.0255726588909,302.02557262536203
701.0576608187134,302.11598530590584,302.1159852732626
712.5504093567251,302.20504851983264,302.20504850389597
724.0431578947369,302.2927824499417,302.29278245744155
735.5359064327486,302.37920694628934,302.3792069734848
747.0286549707603,302.46434155971815,302.46434159550364
758.521403508772,302.54820555040124,302.5482055752875
770.0141520467837,302.6308178814378,302.63081787729124
781.5069005847954,302.7121972097025,302.71219718292326
792.999649122807,302.7923619270062,302.79236189477035
804.4923976608187,302.87133016142576,302.8713301407589
815.9851461988304,302.94911977730374,302.9491197782543
827.4778947368421,303.02574837524844,303.02574839809915
838.9706432748538,303.101233292134,303.10123332859087
850.4633918128656,303.1755916025315,303.17559163940064
861.9561403508773,303.2488401321489,303.248840145433
873.4488888888889,303.3209954248178,303.3209954106287
884.9416374269006,303.39207378072444,303.39207375170986
896.4343859649123,303.46209126833236,303.4620912418701
907.927134502924,303.53106372438236,303.5310637144092
919.4198830409357,303.59900675389247,303.5990067663133
930.9126315789474,303.665935730158,303.6659357617822
942.4053801169591,303.7318657947516,303.73186583570345
953.8981286549708,303.7968118629806,303.796811897075
965.3908771929825,303.86078862503894,303.8607886323767
976.8836257309941,303.9238105261175,303.92381050889117
988.3763742690059,303.98589180559765,303.98589177797567
999.8691228070176,304.04704649994244,304.04704647828436
1011.3618713450293,304.10728844269653,304.1072884389434
1022.854619883041,304.1666312644863,304.16663128267777
1034.3473684210526,304.2250883930196,304.22508842889215
1045.8401169590643,304.282673053086,304.2826730967052
1057.332865497076,304.3393982733437,304.3393983079391
1068.8256140350877,304.3952768821216,304.39527689006405
1080.3183625730994,304.4503214947289,304.4503214790991
1091.8111111111111,304.50454454800047,304.5045445224695
1103.3038596491228,304.5579583016981,304.5579582818214
1114.7966081871346,304.61057483851073,304.610574835795
1126.2893567251463,304.6624060640541,304.66240608275535
1137.782105263158,304.713463706871,304.71346374348354
1149.2748538011697,304.7637593184311,304.76375936382675
1160.7676023391814,304.81330427757223,304.8133043173093
1172.260350877193,304.8621097928023,304.8621098077047
1183.7530994152048,304.91018688136086,304.910186871569
1195.2458479532165,304.9575464035185,304.9575463807367
1206.738596491228,305.00419906559455,305.00419904477894
1218.2313450292397,305.0501554199566,305.0501554134258
1229.7240935672514,305.09542586502084,305.09542587895135
1241.2168421052631,305.14002064525187,305.14002067852425
1252.7095906432749,305.18394985116277,305.18394989652234
1264.2023391812866,305.2272234199012,305.22722346681314
1275.6950877192983,305.26985114697027,305.2698511750003
1287.18783625731,305.3118426587011,305.31184266063644
1298.6805847953217,305.35320743618837,305.35320741940296
1310.1733333333334,305.3939548271956,305.39395480525724
1321.666081871345,305.43409404615505,305.434094032548
1333.1588304093568,305.4736341741679,305.473634178099
1344.6515789473685,305.5125841590042,305.51258418326154
1356.1443274853802,305.5509528151026,305.55095285593626
1367.637076023392,305.588748823571,305.5887488725653
1379.1298245614034,305.6259807358296,305.625980780094
1390.6225730994151,305.662656976519,305.6626569979035
1402.1153216374269,305.69878582269774,305.6987858197153
1413.6080701754386,305.7343754334363,305.73437541546593
1425.1008187134503,305.76943385280316,305.7694338331552
1436.593567251462,305.80396900986534,305.80396900066546
1448.0863157894737,305.83798871868817,305.8379887275549
1459.5790643274854,305.8715006783352,305.87150070682316
1471.0718128654971,305.90451247286865,305.90451251665127
1482.5645614035088,305.93703157134865,305.9370316221151
1494.0573099415205,305.96906533220437,305.96906537687363
1505.5500584795323,306.0006210028965,306.0006210248317
1517.042807017544,306.0317057034695,306.03170570177826
1528.5355555555557,306.06232645341424,306.0623264369999
1540.0283040935674,306.09249017345655,306.0924901548705
1551.521052631579,306.1222036855576,306.122203676417
1563.0138011695908,306.15147371291397,306.15147372086176
1574.5065497076023,306.18030687995713,306.18030690714227
1585.999298245614,306.208709712354,306.2087097554077
1597.4920467836257,306.23668863700664,306.23668868849336
1608.9847953216374,306.2642499840509,306.2642500333731
1620.4775438596491,306.29139999301935,306.2914000225902
1631.9702923976608,306.31814479006243,306.31814479566657
1643.4630409356726,306.34449041239634,306.34449040049117
1654.9557894736843,306.3704428128035,306.37044279468773
1666.448538011696,306.3960078596321,306.39600784696177
1677.9412865497077,306.4211913367965,306.4211913384279
1689.4340350877194,306.4459989437767,306.445998963917
1700.926783625731,306.470436295619,306.4704363332642
1712.4195321637428,306.4945089229353,306.49450897257714
1723.9122807017545,306.5182222719038,306.5182223254859
1735.4050292397662,306.54158171141813,306.54158175437385
1746.8977777777777,306.5645925213326,306.5645925415902
1758.3905263157894,306.58725989201116,306.5872598906447
1769.8832748538011,306.6095889419129,306.60958892738415
1781.3760233918129,306.63158471766246,306.6315847011517
1792.8687719298246,306.65325219404986,306.6532521859285
1804.3615204678363,306.6745962740307,306.67459628145866
1815.854269005848,306.69562178872604,306.695621814357
1827.3470175438597,306.71633349742257,306.7163335392008
1838.8397660818714,306.7367360875722,306.73673613960466
1850.332514619883,306.7568341748558,306.75683422928
1861.8252631578948,306.7766323116018,306.776632353078
1873.3180116959065,306.79613496897264,306.7961349880176
1884.8107602339182,306.81534654580577,306.8153465442979
1896.30350877193,306.83427138013633,306.834271366295
1907.7962573099417,306.8529137491972,306.8529137335452
1919.2890058479534,306.87127786941915,306.87127786171214
1930.781754385965,306.88936789643043,306.88936790354023
1942.2745029239766,306.9071879250571,306.9071879497938
1953.7672514619883,306.92474198932297,306.9247420301823
1965.26,306.94203406244964,306.94203411427117
1976.7527485380117,306.9590680568563,306.95906811237984
1988.2454970760234,306.9758478300003,306.9758478764658
1999.7382456140351,306.9923771753256,306.99237720099575
2011.2309941520468,307.0086598193271,307.00865982380355
2022.7237426900585,307.02469943719814,307.0246994269357
2034.2164912280703,307.0404996529479,307.0404996374836
2045.709239766082,307.0560640394012,307.05606402840414
2057.2019883040934,307.07139611819827,307.07139611932735
2068.694736842105,307.08649935979537,307.08649937735254
2080.187485380117,307.10137718346425,307.10137721783224
2091.6802339181286,307.1160329572923,307.1160330051445
2103.1729824561403,307.13046999818266,307.13047005345373
2114.665730994152,307.1446915727547,307.1446916274601
2126.1584795321637,307.15870090356606,307.1587009431378
2137.6512280701754,307.1725011502264,307.17250116846236
2149.143976608187,307.18609542478424,307.1860954241269
2160.636725146199,307.1994867964498,307.19948678424805
2172.1294736842106,307.21267829159524,307.21267827706083
2183.6222222222223,307.2256728937548,307.22567288560356
2195.114970760234,307.2384735436245,307.2384735483925
2206.6077192982457,307.2510831390624,307.25108316008624
2218.1004678362574,307.26350453508854,307.2635045721404
2229.593216374269,307.27574054388475,307.2757405934522
2241.085964912281,307.2877939347949,307.2877939909959
2252.5787134502925,307.299667435419,307.2996674904485
2264.0714619883042,307.31136373668903,307.31136377680576
2275.564210526316,307.32288547549297,307.3228854949899
2287.0569590643277,307.33423524946903,307.33423525044736
2298.5497076023394,307.3454156206246,307.34541560973787
2310.042456140351,307.3564291153358,307.35642910111517
2321.535204678363,307.3672782243481,307.36727821509857
2333.0279532163745,307.3779654027758,307.37796540503615
2344.520701754386,307.38849307010224,307.38849308765947
2356.013450292398,307.39886361017966,307.3988636436302
2367.5061988304096,307.4090793712295,307.40907941807836
2378.9989473684213,307.41914266584206,307.4191427211328
2390.491695906433,307.42905577098054,307.4290558284433
2401.9844444444443,307.43882093379364,307.43882098169564
2413.477192982456,307.4484403599426,307.4484403891178
2424.9699415204677,307.45791621633595,307.45791622598017
2436.4626900584794,307.4672506404419,307.46725063508677
2447.955438596491,307.47644574028817,307.47644572726017
2459.448187134503,307.48550359446233,307.4855035818187
2470.9409356725146,307.49442625211145,307.49442624704665
2482.4336842105263,307.50321573294235,307.5032157406575
2493.926432748538,307.51187402722144,307.51187405025007
2505.4191812865497,307.5204030957748,307.5204031337583
2516.9119298245614,307.52880486998816,307.5288049198935
2528.404678362573,307.53708125180697,307.53708130858104
2539.897426900585,307.54523411401937,307.54523417138955
2551.3901754385965,307.5532653059436,307.5532653519544
2562.8829239766083,307.56117663891933,307.56117666639454
2574.37567251462,307.56896989486967,307.5689699037231
2585.8684210526317,307.57664683156486,307.5766468262521
2597.3611695906434,307.5842091826226,307.58420916999086
2608.853918128655,307.59165865750776,307.59165864503854
2620.346666666667,307.5989969415325,307.59899693597106
2631.8394152046785,307.6062256958562,307.60622570222165
2643.33216374269,307.6133465574856,307.6133465784566
2654.824912280702,307.6203611392747,307.6203611749445
2666.3176608187136,307.6272710299246,307.62727107792057
2677.8104093567254,307.6340777939839,307.63407784994524
2689.303157894737,307.64078297184847,307.64078303025775
2700.795906432749,307.6473880838103,307.64738813512395
2712.2886549707605,307.6538946232406,307.6538946581792
2723.781403508772,307.66030405437084,307.66030407076636
2735.274152046784,307.6666178217263,307.6666178222682
2746.7669005847956,307.67283735016844,307.6728373404356
2758.259649122807,307.67896404489505,307.67896403170977
2769.7523976608186,307.6849992914403,307.6849992815408
2781.2451461988303,307.6909444556744,307.69094445470097
2792.737894736842,307.69680088380403,307.6968008955929
2804.2306432748537,307.7025699023721,307.70256992855417
2815.7233918128654,307.70825281825773,307.70825285815624
2827.216140350877,307.71385091867637,307.7138509694999
2838.708888888889,307.71936547117986,307.71936552850565
2850.2016374269006,307.7247977237227,307.72479778219997
2861.6943859649123,307.7301489094342,307.73014895899735
2873.187134502924,307.7354202357695,307.73542026897803
2884.6798830409357,307.7406128887101,307.74061290416194
2896.1726315789474,307.7457280383601,307.7457280387776
2907.665380116959,307.750766838946,307.75076682952846
2919.158128654971,307.7557304288169,307.75573041585375
2930.6508771929825,307.76061993044425,307.7606199201866
2942.1436257309942,307.7654364504221,307.7654364482078
2953.636374269006,307.77018107946697,307.7701810890957
2965.1291228070177,307.7748548924178,307.77485491577227
2976.6218713450294,307.77945894823614,307.7794589851465
2988.114619883041,307.783994290006,307.78399433835256
2999.607368421053,307.7884619449338,307.7884620009858
3011.1001169590645,307.7928629243485,307.7928629833344
3022.592865497076,307.79719822601623,307.79719828060774
3034.085614035088,307.8014688321429,307.80146887316187
3045.5783625730996,307.8056757027279,307.8056757267207
3057.0711111111113,307.8098197847208,307.80981979259485
3068.563859649123,307.8139020123646,307.8139020078964
3080.0566081871348,307.81792330719594,307.8179232957508
3091.5493567251465,307.82188457804494,307.8218845655061
3103.042105263158,307.82578672103523,307.825786712938
3114.53485380117,307.82963061958384,307.8296306204527
3126.0276023391816,307.8334171444014,307.83341715728653
3137.520350877193,307.8371471534921,307.8371471797022
3149.0130994152046,307.8408214921535,307.84082153118277
3160.5058479532163,307.84444099297684,307.8444410426222
3171.998596491228,307.84800647584666,307.8480065325131
3183.4913450292397,307.85151874794127,307.8515188071324
3194.9840935672514,307.85497860600333,307.85497866072285
3206.476842105263,307.85838683386675,307.8583868756733
3217.969590643275,307.8617441971353,307.86174422269534
3229.4623391812866,307.86505145112096,307.86505146099745
3240.9550877192983,307.868309341065,307.86830933845715
3252.44783625731,307.87151860213766,307.87151859178954
3263.9405847953217,307.87467995943825,307.8746799467143
3275.4333333333334,307.8777941279953,307.87779411811977
3286.926081871345,307.8808618127662,307.88086181022425
3298.418830409357,307.8838837086377,307.8838837167358
3309.9115789473685,307.8868605004255,307.88686052100866
3321.4043274853802,307.8897928628743,307.88979289619795
3332.897076023392,307.892681460658,307.89268150541193
3344.3898245614037,307.8955269483797,307.8955270018619
3355.8825730994154,307.8983299705714,307.89833002900997
3367.375321637427,307.90109116180986,307.9010912207144
3378.868070175439,307.9038111502061,307.9038112013731
3390.3608187134505,307.9064905487295,307.9064905860649
3401.853567251462,307.9091299590553,307.9091299806883
3413.346315789474,307.9117299749602,307.9117299820989
3424.8390643274856,307.91429118232276,307.9142911782441
3436.3318128654973,307.9168141591226,307.9168141482961
3447.824561403509,307.9192994754414,307.919299462783
3459.3173099415208,307.9217476934619,307.9217476837175
3470.8100584795325,307.9241593674688,307.9241593647246
3482.302807017544,307.92653504384816,307.9265350511659
3493.7955555555554,307.92887526108757,307.9288752802638
3505.288304093567,307.93118054977623,307.9311805812225
3516.781052631579,307.9334514326049,307.93345147534774
3528.2738011695906,307.9356884243659,307.93568847616467
3539.7665497076023,307.93789203195297,307.9378920895342
3551.259298245614,307.94006275436163,307.9400628137671
3562.7520467836257,307.9422010847765,307.9422011397368
3574.2447953216374,307.94430750755896,307.94430755099046
3585.737543859649,307.9463824950653,307.9463825238581
3597.230292397661,307.94842651344817,307.9484265275608
3608.7230409356725,307.9504400227366,307.95044002431604
3620.2157894736843,307.9524234768354,307.95242346944303
3631.708538011696,307.95437732352593,307.954377311465
3643.2012865497077,307.9563020044654,307.95630199221125
3654.6940350877194,307.95819795518736,307.95819794691647
3666.186783625731,307.96006560510136,307.9600656043195
3677.679532163743,307.9619053774933,307.96190538676024
3689.1722807017545,307.963717689525,307.96371771027515
3700.665029239766,307.9655029522347,307.9655029846913
3712.157777777778,307.96726157053655,307.96726161371896
3723.6505263157896,307.96899394322094,307.9689939950431
3735.1432748538014,307.9707004629544,307.9707005204132
3746.636023391813,307.97238151627977,307.97238157573173
3758.128771929825,307.97403748512266,307.9740375411417
3769.6215204678365,307.97566874532504,307.9756687911122
3781.114269005848,307.9772756623441,307.97727569452366
3792.60701754386,307.97885859676154,307.9788586147506
3804.0997660818716,307.98041790447064,307.98041790974446
3815.5925146198833,307.981953936676,307.9819539321139
3827.085263157895,307.98346703989387,307.9834670292052
3838.5780116959068,307.9849575559518,307.98495754318014
3850.0707602339185,307.9864258219889,307.98642581109397
3861.56350877193,307.98787217045594,307.9878721649712
3873.0562573099414,307.9892969291149,307.98929693188086
3884.549005847953,307.99070042103943,307.9907004340105
3896.041754385965,307.99208296461455,307.9920829887389
3907.5345029239766,307.99344487353693,307.99344490870806
3919.0272514619883,307.9947864568145,307.99478650189366
3930.52,307.99610801876685,307.99610807167494
3942.0127485380117,307.99740985902497,307.997409916903
3953.5054970760234,307.9986922725314,307.99869233196864
3964.998245614035,307.99995555106517,307.9999556068689
3976.490994152047,308.0011999811939,308.0012000272726
3987.9837426900585,308.0024258413344,308.0024258745848
3999.4764912280702,308.0036334062796,308.00363342601065
4010.969239766082,308.00482294728255,308.00482295461796
4022.4619883040937,308.00599473205574,308.00599472939905
4033.9547368421054,308.00714902477193,308.0071490153314
4045.447485380117,308.00828608606344,308.00828607343766
4056.940233918129,308.0094061730226,308.0094061608449
4068.4329824561405,308.01050953920156,308.0105095308423
4079.925730994152,308.0115964346123,308.01159643293875
4091.418479532164,308.0126671057266,308.01266711291925
4102.911228070176,308.0137217954763,308.0137218129005
4114.403976608187,308.0147607432528,308.0147607713853
4125.896725146199,308.01578418490766,308.0157842233171
4137.38947368421,308.0167923527521,308.01679240013266
4148.8822222222225,308.0177854755572,308.0177855298145
4160.374970760234,308.018763778554,308.01876383694247
4171.867719298246,308.01972748343326,308.0197275427446
4183.360467836257,308.02067681007344,308.0206768651471
4194.853216374269,308.02161197322687,308.0216120188235
4206.345964912281,308.0225331818089,308.02253321524336
4217.838713450293,308.0234406421,308.02344066272013
4229.331461988304,308.0243345577483,308.024334566458
4240.824210526316,308.0252151297695,308.0252151285986
4252.316959064327,308.0260825565471,308.02608254826646
4263.80970760234,308.0269370338322,308.02693702161423
4275.302456140351,308.0277787547437,308.027778741867
4286.795204678363,308.02860790976797,308.0286078993659
4298.287953216374,308.0294246867591,308.0294246816112
4309.780701754386,308.03022927093906,308.0302292733047
4321.273450292398,308.03102184489717,308.0310218563916
4332.76619883041,308.03180258859066,308.0318026101014
4344.258947368421,308.03257167934436,308.0325717109887
4355.751695906433,308.03332929185075,308.033329332973
4367.2444444444445,308.03407559817,308.03407564737796
4378.737192982457,308.0348107677298,308.03481082297026
4390.229941520468,308.0355349673259,308.0355350259978
4401.72269005848,308.03624836112067,308.0362484202271
4413.215438596491,308.0369511102397,308.03695116698043
4424.708187134503,308.0376433723792,308.03764342517246
4436.200935672515,308.03832530300525,308.03832535134586
4447.693684210526,308.03899705554045,308.03899709970705
4459.186432748538,308.03965878136404,308.03965882216085
4470.6791812865495,308.04031062981153,308.04031066834483
4482.171929824562,308.0409527481749,308.04095278566325
4493.664678362573,308.04158528170274,308.0415853193203
4505.157426900585,308.0422083735999,308.0422084123531
4516.650175438596,308.0428221650279,308.0428222056638
4528.1429239766085,308.0434267951046,308.0434268380517
4539.63567251462,308.0440224009042,308.04402244624436
4551.128421052632,308.0446091174577,308.0446091649288
4562.621169590643,308.04518707775225,308.0451871267817
4574.113918128655,308.0457564127315,308.0457564624996
4585.606666666667,308.0463172512958,308.04631730082843
